quelconque,negative
maîtrise,positive
forgé,negative
issue,negative
amélioration,positive
fanatisme,negative
passif,negative
punissable,negative
relancer,positive
significatif,positive
séjourner,negative
écoutez,positive
diamétralement,negative
trahit,negative
preux,positive
cochon,negative
radical,negative
bannissement,negative
gagné,positive
caustique,negative
assouvir,negative
volumineux,negative
volatil,negative
fanfare,positive
réconciliation,positive
mélodieux,positive
accroître,positive
réaliser,positive
infructueux,negative
factice,negative
préoccuper,negative
concise,positive
tremblement,negative
hospitalier,positive
désobéissance,negative
égoïsme,negative
attrayant,positive
gouttière,negative
renversement,negative
immatériel,negative
assertion,negative
solidement,positive
miséricorde,positive
marionnette,negative
coupé,negative
follement,negative
louche,negative
rigidité,negative
économique,positive
naïvement,negative
répudier,negative
moudre,negative
confiture,negative
réfutation,negative
convaincante,positive
omission,negative
spirituelle,positive
squelette,negative
dérision,negative
infraction,negative
épuisement,negative
décerner,positive
différend,negative
escarpé,negative
faible,negative
automne,negative
fastidieux,negative
insulaire,negative
bouleverser,negative
améliorer,positive
moralité,positive
dénigrer,negative
poil,negative
durement,negative
salir,negative
plaît,positive
tourmenté,negative
imprudemment,negative
cicatrice,negative
ennuyeuse,negative
accidentel,negative
dépérissement,negative
abstraction,negative
compléter,positive
brûlant,negative
foutre,negative
prévenant,positive
innovation,positive
odorat,negative
souligner,negative
réchauffer,positive
éphémère,negative
empêchement,negative
courbé,negative
largement,positive
entreprenant,positive
faillite,negative
diffamatoire,negative
interdit,negative
tuyau,positive
