réchauffer,positive
souligner,negative
hospitalier,positive
fanfare,positive
assiégé,negative
séjourner,negative
corrosif,negative
inévitablement,negative
lucrative,positive
privilégié,positive
saignée,negative
aimablement,positive
discrédit,negative
frêle,negative
insulté,negative
froisser,negative
greffer,negative
obstruction,negative
rédemption,positive
greffe,negative
excentricité,negative
defensive,negative
notoirement,negative
jovial,positive
abîmé,negative
obtus,negative
défit,negative
diatribe,negative
bourré,negative
instrumental,positive
spontané,positive
marginal,negative
plancher,negative
transgression,negative
aggravation,negative
good,positive
poupe,negative
décisive,positive
stimuler,positive
méritant,positive
désireux,positive
affinité,positive
avancée,positive
souche,negative
miséricordieux,positive
belliqueux,negative
ultérieur,negative
emprisonnement,negative
pigeon,negative
hache,negative
hostilité,negative
plaie,negative
buveur,negative
massacrer,negative
jaunâtre,negative
saccager,negative
coupant,positive
âpre,positive
uniformément,positive
parcelle,negative
fatigué,negative
inflammation,negative
délabrée,negative
impitoyablement,negative
effrayante,negative
factice,negative
portatif,positive
rafraîchir,positive
transparente,positive
attractif,positive
corbeille,negative
ivrogne,negative
ferraille,negative
aromatique,positive
coloré,positive
moquerie,negative
louve,negative
affirmation,positive
endommager,negative
rétrograder,negative
cuve,negative
escarmouche,negative
chaude,positive
effrayé,negative
brèche,negative
véracité,positive
dépouillé,negative
vacarme,negative
donjon,negative
repoussant,negative
sentant,negative
médaille,positive
affectueusement,positive
vernis,negative
sarcasme,negative
pointu,positive
inventif,positive
lucratif,positive
désagrément,negative
falsifier,negative
