inattivo,negative
antiquato,negative
melodrammatico,negative
rallentare,negative
diffamazione,negative
esplosione,negative
intolleranza,negative
illimitato,positive
contenzioso,negative
incoraggiare,positive
posteriore,negative
scosso,negative
graffi,negative
scarsit√†,negative
tenue,negative
accuratamente,positive
galle,negative
sostituto,positive
scorretto,negative
infezione,negative
fortezza,positive
fortunatamente,positive
meravigliosamente,positive
meravigliosa,positive
inferno,negative
infiammazione,negative
ritirato,negative
disordinato,negative
eremita,negative
fortunata,positive
humour,positive
saldamente,positive
fantoccio,negative
imprigionare,negative
spento,negative
esaltato,positive
diabolico,negative
eruzione,negative
letargo,negative
innestare,negative
autorevole,positive
sostanziale,positive
conio,negative
vietato,negative
estraneo,negative
culo,negative
piaga,negative
desolato,negative
antagonista,negative
magico,positive
subordinato,negative
preferibile,positive
sanguinoso,negative
sopraffare,negative
medaglia,positive
cospirare,negative
rape,negative
scarico,negative
dispettoso,negative
esperto,positive
degradare,negative
avidamente,positive
diffidare,negative
pausa,negative
profuso,positive
decadimento,negative
naufragare,negative
assorbire,positive
strappare,negative
incanto,positive
vestigia,negative
flagello,negative
efficacemente,positive
matrice,negative
danneggiare,negative
intrigo,positive
ordinatamente,positive
voluminoso,negative
fumo,negative
accumulare,negative
sinistra,negative
brutale,negative
ripresa,positive
miracolosamente,positive
piacevolmente,positive
travolgere,negative
seriamente,positive
monotonia,negative
fallito,negative
stanchezza,negative
disperatamente,negative
arguto,positive
succhiare,negative
trascurato,negative
destra,positive
elevare,positive
positivo,positive
demonio,negative
frenesia,negative
disattenzione,negative
