scadenza,positive
buio,negative
entusiasta,positive
stranezza,negative
impercettibile,negative
siepe,negative
impotenza,negative
stupidità,negative
doloso,negative
stabilità,positive
abolire,negative
antagonista,negative
spinta,positive
egoismo,negative
superficialmente,negative
falsificare,negative
elastico,positive
eresia,negative
attirare,negative
casino,negative
riposo,positive
caricatura,negative
bruttezza,negative
sconsolato,negative
pacificamente,positive
fidato,positive
infiammazione,negative
mancato,negative
magia,positive
fugace,negative
scuderia,positive
sintomo,negative
caldamente,positive
progredire,positive
terzetto,negative
subordinato,negative
assassinio,negative
marginale,negative
soppressione,negative
veemenza,negative
meravigliosamente,positive
meravigliosa,positive
incanto,positive
vanamente,negative
truffare,negative
antipatia,negative
barra,negative
strana,negative
gioviale,positive
bottino,negative
effigie,negative
lucro,positive
riconoscimento,positive
furiosamente,negative
condimento,positive
sostituto,positive
malsano,negative
sgomento,negative
arrestarsi,negative
rassicurare,positive
errante,negative
alleviare,positive
retrocedere,negative
vipera,negative
derubare,negative
annientare,negative
oscenità,negative
disuguaglianza,negative
perseveranza,positive
imbarazzo,negative
castrato,negative
respiro,negative
squallido,negative
obiettare,negative
arresto,negative
insufficiente,negative
discutere,negative
valorosamente,positive
correttamente,positive
scosceso,negative
frugale,positive
praticabile,positive
frastuono,negative
instabile,negative
preoccupato,negative
roseo,positive
alienare,negative
pulizia,positive
sconvolto,negative
impuro,negative
ingrassare,negative
saccheggiare,negative
dispotismo,negative
campione,positive
subalterno,negative
approvato,positive
disagio,negative
imposizione,negative
raddrizzare,positive
spartire,negative
