effettivo,positive
fuggiasco,negative
pace,positive
calunnia,negative
zucca,negative
vergognoso,negative
impetuoso,negative
gratis,positive
superiorità,positive
sottoposto,negative
spinta,positive
corrotto,negative
giusto,positive
vano,negative
rivelazione,positive
improbabile,negative
dogmatico,negative
passione,positive
disgusto,negative
sproporzionato,negative
umano,positive
apice,positive
satirico,negative
dissenso,negative
decadenza,negative
caritatevole,positive
attonito,positive
caro,positive
dolce,positive
peggioramento,negative
apprezzare,positive
sanguinario,negative
carcere,negative
equivoco,negative
accoglienza,positive
despota,negative
goffo,negative
marginale,negative
spavento,negative
cavità,negative
riuscire,positive
lutto,negative
caustico,negative
atroce,negative
apertamente,positive
avido,positive
reputazione,positive
bussare,negative
adempimento,positive
caduta,negative
amorevole,positive
silenzioso,positive
conciliare,positive
mancare,negative
ostacolare,negative
fantastica,positive
inutilmente,negative
fede,positive
incredulità,negative
tregua,positive
bestemmia,negative
imparziale,positive
declamazione,negative
confessione,negative
perdere,negative
violentare,negative
orrendo,negative
finta,negative
buona,positive
enorme,negative
trio,negative
sazietà,negative
pallido,negative
menzogna,negative
dotato,positive
infamia,negative
comune,negative
sfortunato,negative
ispirazione,positive
melodrammatico,negative
zuffa,negative
dolcemente,positive
gonfio,negative
rischio,negative
dannazione,negative
bastare,positive
preparato,positive
pulire,positive
diceria,negative
rammarico,negative
riversare,negative
ragionevolmente,positive
impropriamente,negative
avvolgere,negative
sensazione,positive
limitato,negative
fetta,negative
profondamente,positive
intercettare,negative
esperto,positive
