ataque,negative
cómodo,positive
positivo,positive
tumulto,negative
integridad,positive
máximo,positive
difunto,negative
remordimiento,negative
pomposo,negative
valeroso,positive
destrozar,negative
fragilidad,positive
enderezar,positive
calentar,positive
discutir,negative
supuesto,positive
degradar,negative
limpieza,positive
amargura,negative
puñal,negative
debilitar,negative
imperfecto,negative
sucio,negative
llanto,negative
iluminar,positive
pasivo,negative
ambicioso,positive
aclarar,positive
puño,negative
estúpido,negative
adversario,negative
luchar,negative
antojo,negative
arcano,negative
benevolencia,positive
ofensivo,negative
madurar,positive
agotar,negative
pretensión,negative
clamor,negative
afrenta,negative
ingenuo,negative
elocuencia,positive
sencillamente,positive
insaciable,negative
quejarse,negative
libertad,positive
rival,negative
perturbar,negative
desconfiar,negative
prolijo,negative
luminoso,positive
urgente,negative
vacío,negative
sensación,positive
cláusula,positive
diana,positive
inevitable,negative
privilegio,positive
irregularidad,negative
impedimento,negative
inaudito,negative
concha,negative
aspereza,negative
incesante,negative
exagerar,negative
íntimo,positive
ofensa,negative
intelectual,positive
durable,positive
moralidad,positive
irónico,negative
pecado,negative
milagroso,positive
retórico,negative
despotismo,negative
prosperar,positive
notablemente,positive
propietario,negative
servil,negative
valentía,positive
asombroso,positive
capitular,negative
severidad,negative
artificial,negative
alistar,positive
amargamente,negative
sustancial,positive
dureza,negative
contagioso,negative
truco,negative
repugnante,negative
esplendor,positive
contender,negative
invisible,negative
floreciente,positive
correcto,positive
impetuoso,negative
objeción,negative
ondear,positive
