ardientemente,positive
perplejo,negative
diametralmente,negative
fervor,positive
impropio,negative
turbio,negative
corriente,negative
impuro,negative
despejar,positive
costoso,negative
estupendo,positive
estímulo,positive
apagar,negative
codicioso,negative
soplar,negative
grueso,negative
venerar,positive
hostilidad,negative
culpable,negative
sincero,positive
inteligente,positive
excelencia,positive
colgar,negative
quebrar,negative
bombo,negative
acosar,negative
idiota,negative
cadáver,negative
competente,positive
maravilloso,positive
espantar,negative
cielo,positive
completo,positive
adorar,positive
controversia,negative
mudo,negative
prisa,negative
epidemia,negative
rústico,negative
valeroso,positive
reverencia,positive
falsedad,negative
franco,positive
arrogante,negative
víctima,negative
enojo,negative
aliviar,positive
galante,positive
trofeo,positive
tosco,negative
calamidad,negative
agradecimiento,positive
restaurar,positive
alistar,positive
arrebatar,negative
sacudir,negative
comprender,positive
refinar,positive
inhumano,negative
destreza,positive
apuro,negative
incomodidad,negative
encender,positive
inteligible,positive
completar,positive
protección,positive
irreparable,negative
facilitar,positive
escandaloso,negative
furia,negative
madurar,positive
hueco,negative
enfermo,negative
pendiente,positive
suscitar,negative
asustar,negative
recorrer,negative
morder,positive
consumar,positive
sucio,negative
prodigioso,positive
abiertamente,positive
distinción,positive
orgulloso,positive
invisible,negative
sospechar,negative
moler,negative
infalible,positive
promesa,positive
nube,negative
perfectamente,positive
desconocer,negative
tardío,negative
aventurero,positive
fresco,positive
envolver,negative
barro,negative
gordo,negative
victoria,positive
legal,positive
