permitirse,positive
involuntario,negative
discutir,negative
notorio,negative
merced,positive
res,positive
parir,negative
apreciable,positive
sanguinario,negative
mar,negative
atónito,positive
alegato,negative
jovial,positive
deformar,negative
adherente,negative
celoso,negative
romperse,negative
gustoso,positive
melodioso,positive
ahogar,negative
denunciar,negative
basurero,negative
dominar,positive
auténtico,positive
maestría,positive
apego,positive
infalibilidad,positive
superficialmente,negative
ciego,negative
secreto,negative
vacilante,negative
curioso,positive
preocupar,negative
argumento,negative
desacato,negative
venia,positive
carencia,negative
interés,negative
imparcial,positive
prolongar,negative
asco,negative
complacer,positive
bien,positive
diversión,positive
extranjero,negative
ama,positive
recompensar,positive
cumplimiento,positive
corrupto,negative
severo,negative
molestar,negative
pues,positive
pegar,negative
advertencia,negative
opresor,negative
tonto,negative
peligrar,negative
bravo,positive
apoyo,positive
ano,negative
truco,negative
activo,positive
crianza,positive
obra,positive
chimenea,negative
prisionero,negative
diablo,negative
rivalidad,negative
feo,negative
copo,negative
pito,negative
trucha,negative
enriquecer,positive
mentira,negative
corazón,positive
ambiguo,negative
flujo,negative
bendición,positive
altivo,negative
rapto,positive
ira,negative
lustre,positive
fastidiar,negative
alterar,negative
abundancia,positive
huérfano,negative
solo,negative
lazo,negative
pegadizo,positive
capacidad,positive
rumor,negative
responsabilidad,negative
enfrentar,negative
regocijo,positive
ausente,negative
suave,positive
alegar,negative
insostenible,negative
palo,negative
complementar,positive
