complacencia,positive
dejar,negative
prenda,positive
retirarse,negative
francamente,positive
festivo,positive
retar,negative
fértil,positive
alegre,positive
torrente,negative
elegante,positive
pequeño,negative
vacío,negative
ídolo,positive
escarnio,negative
aplicar,negative
menguar,negative
evitar,negative
luto,negative
inferioridad,negative
quejarse,negative
involuntario,negative
hipocresía,negative
sufrimiento,negative
aniquilar,negative
fama,positive
desbaratar,negative
enfrentar,negative
fraternal,positive
naufragio,negative
engañar,negative
copo,negative
bello,positive
antagonista,negative
limpiar,positive
inevitable,negative
pobre,negative
ampliamente,positive
defender,positive
accidente,negative
engañado,negative
fielmente,positive
melancolía,negative
despotismo,negative
hermosura,positive
famoso,positive
cercar,negative
altivo,negative
defensivo,negative
fantástico,positive
horrendo,negative
agrada,positive
contrariedad,negative
original,positive
ricamente,positive
usurpar,negative
igual,positive
fortuna,positive
alboroto,negative
inadvertido,negative
hipócrita,negative
revuelta,negative
tenaz,positive
indecente,negative
desinterés,negative
decente,positive
inspirar,positive
elocuente,positive
cordial,positive
paria,negative
insinuación,negative
defensor,positive
trabajador,positive
elogio,positive
denunciar,negative
brutalidad,negative
imaginar,negative
completamente,positive
respetar,positive
travesura,negative
estable,positive
arrepentimiento,negative
sed,negative
reforma,positive
lamentable,negative
odio,negative
provechoso,positive
repentino,negative
pecado,negative
melancólico,negative
escabroso,negative
incitar,positive
preocupar,negative
prudentemente,positive
aspirante,positive
protesta,negative
perezoso,negative
pálido,negative
tramposo,negative
abuso,negative
